{
  "Tokyo": {
    "n_days": 304,
    "mean_cov": 1.0,
    "global_sigma": 0.0,
    "acf_lag_0_14": [
      1.0,
      0.0,
      0.0,
      0.0,
      0.0,
      0.0,
      0.0,
      0.0,
      0.0,
      0.0,
      0.0,
      0.0,
      0.0,
      0.0,
      0.0
    ],
    "sigma_30_stats": {
      "min": 0.0,
      "median": 0.0,
      "max": 0.0,
      "n_windows": 275
    },
    "sigma_60_stats": {
      "min": 0.0,
      "median": 0.0,
      "max": 0.0,
      "n_windows": 245
    },
    "sigma_90_stats": {
      "min": 0.0,
      "median": 0.0,
      "max": 0.0,
      "n_windows": 215
    }
  },
  "Singapore": {
    "n_days": 304,
    "mean_cov": 1.0,
    "global_sigma": 0.0,
    "acf_lag_0_14": [
      1.0,
      0.0,
      0.0,
      0.0,
      0.0,
      0.0,
      0.0,
      0.0,
      0.0,
      0.0,
      0.0,
      0.0,
      0.0,
      0.0,
      0.0
    ],
    "sigma_30_stats": {
      "min": 0.0,
      "median": 0.0,
      "max": 0.0,
      "n_windows": 275
    },
    "sigma_60_stats": {
      "min": 0.0,
      "median": 0.0,
      "max": 0.0,
      "n_windows": 245
    },
    "sigma_90_stats": {
      "min": 0.0,
      "median": 0.0,
      "max": 0.0,
      "n_windows": 215
    }
  },
  "Wellington": {
    "n_days": 303,
    "mean_cov": 1.0,
    "global_sigma": 0.0,
    "acf_lag_0_14": [
      1.0,
      0.0,
      0.0,
      0.0,
      0.0,
      0.0,
      0.0,
      0.0,
      0.0,
      0.0,
      0.0,
      0.0,
      0.0,
      0.0,
      0.0
    ],
    "sigma_30_stats": {
      "min": 0.0,
      "median": 0.0,
      "max": 0.0,
      "n_windows": 274
    },
    "sigma_60_stats": {
      "min": 0.0,
      "median": 0.0,
      "max": 0.0,
      "n_windows": 244
    },
    "sigma_90_stats": {
      "min": 0.0,
      "median": 0.0,
      "max": 0.0,
      "n_windows": 214
    }
  },
  "Denver": {
    "n_days": 299,
    "mean_cov": 0.9617773530817009,
    "global_sigma": 0.12179188717110029,
    "acf_lag_0_14": [
      1.0,
      0.4976621370205638,
      0.43854715165454294,
      0.44283354363943767,
      0.4194185057734939,
      0.3359837032307335,
      0.3956729549173052,
      0.39995934690219986,
      0.3580766891356972,
      0.3669799860957317,
      0.2512268487269931,
      0.17240895115937246,
      0.1859291530945467,
      0.13481268537776447,
      0.10801603483772174
    ],
    "sigma_30_stats": {
      "min": 0.0,
      "median": 0.07693092581620721,
      "max": 0.2375708511098366,
      "n_windows": 270
    },
    "sigma_60_stats": {
      "min": 0.0,
      "median": 0.07419255452801372,
      "max": 0.20860186775056677,
      "n_windows": 240
    },
    "sigma_90_stats": {
      "min": 0.014974573225486678,
      "median": 0.0675116518036087,
      "max": 0.18319413392067949,
      "n_windows": 210
    }
  },
  "NYC": {
    "n_days": 303,
    "mean_cov": 0.9952852428099953,
    "global_sigma": 0.03039360545655919,
    "acf_lag_0_14": [
      1.0,
      0.3415427250112747,
      0.41944469676325447,
      0.126752752532617,
      0.12908736552071443,
      0.05585461974492972,
      -0.017378126030855024,
      0.05569526049659542,
      0.05561558087242827,
      0.12868896739987865,
      0.05545622162409397,
      0.05779083461219148,
      0.13086422113964186,
      0.05763147536385716,
      -0.015601270411927588
    ],
    "sigma_30_stats": {
      "min": 0.0,
      "median": 0.0,
      "max": 0.085183541999992,
      "n_windows": 274
    },
    "sigma_60_stats": {
      "min": 0.0,
      "median": 0.0,
      "max": 0.0647689071844545,
      "n_windows": 244
    },
    "sigma_90_stats": {
      "min": 0.0,
      "median": 0.0,
      "max": 0.05406154401881398,
      "n_windows": 214
    }
  },
  "Lagos": {
    "n_days": 280,
    "mean_cov": 0.8443877551020408,
    "global_sigma": 0.22051333855493194,
    "acf_lag_0_14": [
      1.0,
      0.41154413655219524,
      0.3018536853052124,
      0.23388026739424914,
      0.21705252332216632,
      0.15509624350989487,
      0.21074277885866247,
      0.10365796330620246,
      0.08272029901492385,
      0.010636960884764863,
      -0.04680646535348768,
      -0.03040563876449123,
      0.0010380330712347508,
      -0.07268390070187156,
      -0.026197383619416034
    ],
    "sigma_30_stats": {
      "min": 0.10389249632986396,
      "median": 0.1758684315487561,
      "max": 0.34979747947060874,
      "n_windows": 251
    },
    "sigma_60_stats": {
      "min": 0.12587561797986954,
      "median": 0.2212620981997894,
      "max": 0.3169797950598594,
      "n_windows": 221
    },
    "sigma_90_stats": {
      "min": 0.1434291897651743,
      "median": 0.2027525378010891,
      "max": 0.2843220045433939,
      "n_windows": 191
    }
  },
  "Shenzhen": {
    "n_days": 304,
    "mean_cov": 0.9525375939849624,
    "global_sigma": 0.10870512096367206,
    "acf_lag_0_14": [
      1.0,
      0.452187945606963,
      0.297663600972996,
      0.21151836949174288,
      0.18998361893296103,
      0.13235624626861991,
      0.06902905172371261,
      0.05700025410390139,
      0.056371100245222634,
      0.11843998707277244,
      0.07791208005013006,
      0.09438239183314998,
      0.09945305985503747,
      0.1444224810408886,
      0.11529421777937865
    ],
    "sigma_30_stats": {
      "min": 0.0,
      "median": 0.08728715609439697,
      "max": 0.19290122952884853,
      "n_windows": 275
    },
    "sigma_60_stats": {
      "min": 0.0,
      "median": 0.09294867283782446,
      "max": 0.16251635187220498,
      "n_windows": 245
    },
    "sigma_90_stats": {
      "min": 0.0,
      "median": 0.10690449676496976,
      "max": 0.14944256883733106,
      "n_windows": 215
    }
  },
  "Jakarta": {
    "n_days": 304,
    "mean_cov": 0.9577067669172932,
    "global_sigma": 0.11052123460603018,
    "acf_lag_0_14": [
      1.0,
      0.08418623055862108,
      0.18622053483123754,
      0.17470916689896407,
      0.16319779896669045,
      0.10369252549861196,
      0.15834962596944369,
      0.08618382866765696,
      0.1810716481401574,
      0.1144198898719628,
      0.11945063904046559,
      0.16634455297716105,
      0.1879174192464401,
      0.2977149100531929,
      0.12078237111315618
    ],
    "sigma_30_stats": {
      "min": 0.0,
      "median": 0.03563483225498993,
      "max": 0.18220120447341898,
      "n_windows": 275
    },
    "sigma_60_stats": {
      "min": 0.0,
      "median": 0.06437383730759895,
      "max": 0.17567492138758778,
      "n_windows": 245
    },
    "sigma_90_stats": {
      "min": 0.0,
      "median": 0.07487286612743337,
      "max": 0.16000283444201374,
      "n_windows": 215
    }
  },
  "Lucknow": {
    "n_days": 302,
    "mean_cov": 0.9872280037842952,
    "global_sigma": 0.07111277734117208,
    "acf_lag_0_14": [
      1.0,
      -0.03247120565082212,
      -0.03257837134603935,
      -0.005870886652799315,
      -0.032792702736473826,
      -0.03289986843169106,
      0.12788086820383535,
      -0.03311419982212553,
      0.10085188642494358,
      -0.03332853121256,
      -0.0066210465193199545,
      -0.03354286260299446,
      0.0333865976729315,
      -0.02034986879920029,
      -0.033864359688646165
    ],
    "sigma_30_stats": {
      "min": 0.0,
      "median": 0.051287283877471466,
      "max": 0.13768411709334247,
      "n_windows": 273
    },
    "sigma_60_stats": {
      "min": 0.018288442256830025,
      "median": 0.08285577448240627,
      "max": 0.1217782081194707,
      "n_windows": 243
    },
    "sigma_90_stats": {
      "min": 0.03333333333333333,
      "median": 0.08261595987094035,
      "max": 0.10978804105263862,
      "n_windows": 213
    }
  },
  "Houston": {
    "n_days": 303,
    "mean_cov": 0.983026874115983,
    "global_sigma": 0.06562144951862754,