{
  "seasonal_bias": {
    "Atlanta_DJF": {
      "bias": 3.8770382695507486,
      "mae": 5.19351081530782,
      "n": 601
    },
    "Atlanta_MAM": {
      "bias": 3.447448979591837,
      "mae": 4.835204081632654,
      "n": 196
    },
    "Chicago_DJF": {
      "bias": 3.3362035225048925,
      "mae": 5.1244618395303325,
      "n": 511
    },
    "Chicago_MAM": {
      "bias": 2.2494897959183677,
      "mae": 5.637244897959184,
      "n": 196
    },
    "Dallas_DJF": {
      "bias": 2.3898026315789473,
      "mae": 4.823355263157895,
      "n": 608
    },
    "Dallas_MAM": {
      "bias": 0.9815384615384616,
      "mae": 4.1066666666666665,
      "n": 195
    },
    "London_DJF": {
      "bias": 0.8065142857142857,
      "mae": 1.2163428571428572,
      "n": 875
    },
    "London_JJA": {
      "bias": 0.3158385093167702,
      "mae": 1.6099378881987576,
      "n": 644
    },
    "London_MAM": {
      "bias": 0.787515006002401,
      "mae": 1.6993997599039614,
      "n": 833
    },
    "London_SON": {
      "bias": 0.9111459968602825,
      "mae": 1.3255886970172683,
      "n": 637
    },
    "Los Angeles_DJF": {
      "bias": 2.172233400402414,
      "mae": 3.7235412474849094,
      "n": 497
    },
    "Los Angeles_MAM": {
      "bias": -7.725287356321839,
      "mae": 8.74712643678161,
      "n": 174
    },
    "Miami_DJF": {
      "bias": 2.6898809523809524,
      "mae": 3.580753968253968,
      "n": 504
    },
    "Miami_MAM": {
      "bias": 3.5005102040816327,
      "mae": 4.3556122448979595,
      "n": 196
    },
    "NYC_DJF": {
      "bias": 3.6288308740068103,
      "mae": 5.257207718501703,
      "n": 881
    },
    "NYC_JJA": {
      "bias": 0.4355590062111801,
      "mae": 3.574378881987578,
      "n": 644
    },
    "NYC_MAM": {
      "bias": 3.4880541871921182,
      "mae": 5.293226600985222,
      "n": 812
    },
    "NYC_SON": {
      "bias": 1.9684458398744114,
      "mae": 3.428414442700157,
      "n": 637
    },
    "Paris_DJF": {
      "bias": 1.7666666666666666,
      "mae": 2.1095238095238096,
      "n": 105
    },
    "Paris_MAM": {
      "bias": 1.6587301587301588,
      "mae": 1.9137566137566138,
      "n": 189
    },
    "San Francisco_DJF": {
      "bias": 2.0381632653061224,
      "mae": 3.183061224489796,
      "n": 490
    },
    "San Francisco_MAM": {
      "bias": 2.568,
      "mae": 3.8731428571428568,
      "n": 175
    },
    "Seattle_DJF": {
      "bias": 1.8024916943521594,
      "mae": 2.5696013289036546,
      "n": 602
    },
    "Seattle_MAM": {
      "bias": 0.9464285714285714,
      "mae": 2.8341836734693877,
      "n": 196
    }
  },
  "simulation": {
    "total": 20,
    "corrected_better": 7,
    "raw_better": 4,
    "tied": 9
  },
  "recommendation": "APPLY_NOW"
}