{
  "('Beijing', 'JJA')": {
    "n": 13,
    "n_oos_C": 5,
    "b0_res": 0.8253330685477868,
    "a_res": 2.9402234685477873,
    "c_res": 0.2694199188950449,
    "b0_crps": 0.8626524969902243,
    "a_crps": 2.06391555976512,
    "c_crps": 0.7033057799472475
  },
  "('Beijing', 'MAM')": {
    "n": 19,
    "n_oos_C": 11,
    "b0_res": 0.1170605513000331,
    "a_res": 2.6981375113000334,
    "c_res": -1.573014312163302,
    "b0_crps": 1.8107112013488997,
    "a_crps": 2.351772343070777,
    "c_crps": 1.5789121846067713
  },
  "('Karachi', 'MAM')": {
    "n": 20,
    "n_oos_C": 12,
    "b0_res": 1.1445413159489468,
    "a_res": 2.4702955859489455,
    "c_res": -0.13801788424136538,
    "b0_crps": 0.8001177010652121,
    "a_crps": 1.8052304367367142,
    "c_crps": 0.5762155326564616
  },
  "('San Francisco', 'JJA')": {
    "n": 12,
    "n_oos_C": 4,
    "b0_res": 2.867791419072796,
    "a_res": 6.567310899072797,
    "c_res": 7.367895692990366,
    "b0_crps": 2.859762613434438,
    "a_crps": 5.5636978674818325,
    "c_crps": 6.139398841627605
  },
  "('San Francisco', 'MAM')": {
    "n": 19,
    "n_oos_C": 11,
    "b0_res": -0.08922205218252892,
    "a_res": 4.57702540781747,
    "c_res": -1.0320085795407843,
    "b0_crps": 0.9365779022848487,
    "a_crps": 3.8679861690994124,
    "c_crps": 1.0411580789074184
  },
  "('Tokyo', 'JJA')": {
    "n": 13,
    "n_oos_C": 5,
    "b0_res": -0.8388803525077402,
    "a_res": 2.010919967492258,
    "c_res": -1.614191633566469,
    "b0_crps": 1.3951276687345848,
    "a_crps": 1.8725291747341306,
    "c_crps": 1.6376633673115844
  },
  "('Tokyo', 'MAM')": {
    "n": 18,
    "n_oos_C": 10,
    "b0_res": -1.3684020504346324,
    "a_res": 1.640884029565366,
    "c_res": -0.19594199463144618,
    "b0_crps": 1.4145354257096263,
    "a_crps": 1.447996230719108,
    "c_crps": 1.3896091456229427
  }
}